{"cameraMode":{"drawMode":0,"name":"Shaded","section":"Shading Mode"},"sceneLighting":false,"audioPlay":false,"sceneViewState":{"showFog":false,"showMaterialUpdate":false,"showSkybox":false,"showFlares":false,"showImageEffects":false,"showParticleSystems":false},"in2DMode":false,"pivot":{"x":777.3401489257813,"y":962.9865112304688,"z":508.7081298828125},"rotation":{"x":-0.043792009353637698,"y":0.012584859505295754,"z":-0.0005518401158042252,"w":-0.9989609718322754},"size":1201.2310791015625,"orthographic":false}