{"cameraMode":{"drawMode":0,"name":"Shaded","section":"Shading Mode"},"sceneLighting":false,"audioPlay":false,"sceneViewState":{"showFog":false,"showMaterialUpdate":false,"showSkybox":false,"showFlares":false,"showImageEffects":false,"showParticleSystems":false},"in2DMode":false,"pivot":{"x":379.0711364746094,"y":565.273681640625,"z":463.7197265625},"rotation":{"x":-0.043792009353637698,"y":0.012584859505295754,"z":-0.0005518401158042252,"w":-0.9989609718322754},"size":2443.15576171875,"orthographic":false}