{"cameraMode":{"drawMode":0,"name":"Shaded","section":"Shading Mode"},"sceneLighting":false,"audioPlay":false,"sceneViewState":{"showFog":false,"showMaterialUpdate":false,"showSkybox":false,"showFlares":false,"showImageEffects":false,"showParticleSystems":false},"in2DMode":false,"pivot":{"x":662.49169921875,"y":1102.052978515625,"z":518.0303955078125},"rotation":{"x":-0.043792009353637698,"y":0.012584859505295754,"z":-0.0005518401158042252,"w":-0.9989609718322754},"size":1219.66650390625,"orthographic":false}